"","kml_s_e","kml_e","kml_s","Lng","Lat","Lng_e","Lat_e","count"
"1","1016_821",821,1016,104.6600788,31.5128526,104.7620381,31.4882639,17
"2","118_135",135,118,104.7674238,31.4362287,104.7654496,31.4413548,21
"3","118_237",237,118,104.7674238,31.4362287,104.7523913,31.4520034,13
"4","118_260",260,118,104.7674238,31.4362287,104.7575349,31.4534645,16
"5","118_349",349,118,104.7674238,31.4362287,104.7376795,31.4573698,11
"6","118_479",479,118,104.7674238,31.4362287,104.7527998,31.4642013,13
"7","118_516",516,118,104.7674238,31.4362287,104.7406819,31.4655495,19
"8","118_67",67,118,104.7674238,31.4362287,104.7722805,31.4250537,23
"9","118_927",927,118,104.7674238,31.4362287,104.7735466,31.4981568,15
"10","133_351",351,133,104.6728452,31.440843,104.6124199,31.4576314,29
"11","133_500",500,133,104.6728452,31.440843,104.6209012,31.464642,26
"12","135_135",135,135,104.7654496,31.4413548,104.7654496,31.4413548,20
"13","135_368",368,135,104.7654496,31.4413548,104.7070146,31.4584759,21
"14","135_479",479,135,104.7654496,31.4413548,104.7527998,31.4642013,14
"15","135_548",548,135,104.7654496,31.4413548,104.6856626,31.4673085,11
"16","135_67",67,135,104.7654496,31.4413548,104.7722805,31.4250537,11
"17","135_915",915,135,104.7654496,31.4413548,104.7343212,31.4966375,11
"18","161_135",135,161,104.7518636,31.4453519,104.7654496,31.4413548,23
"19","161_199",199,161,104.7518636,31.4453519,104.7601253,31.4498679,15
"20","161_283",283,161,104.7518636,31.4453519,104.6450484,31.4546259,12
"21","161_519",519,161,104.7518636,31.4453519,104.7429271,31.4654325,11
"22","161_56",56,161,104.7518636,31.4453519,104.7634654,31.4220348,12
"23","161_67",67,161,104.7518636,31.4453519,104.7722805,31.4250537,29
"24","161_791",791,161,104.7518636,31.4453519,104.7300507,31.486623,11
"25","161_915",915,161,104.7518636,31.4453519,104.7343212,31.4966375,12
"26","187_67",67,187,104.7515414,31.4488417,104.7722805,31.4250537,12
"27","199_199",199,199,104.7601253,31.4498679,104.7601253,31.4498679,19
"28","199_67",67,199,104.7601253,31.4498679,104.7722805,31.4250537,15
"29","199_915",915,199,104.7601253,31.4498679,104.7343212,31.4966375,12
"30","234_118",118,234,104.7080299,31.451863,104.7674238,31.4362287,16
"31","234_135",135,234,104.7080299,31.451863,104.7654496,31.4413548,18
"32","234_500",500,234,104.7080299,31.451863,104.6209012,31.464642,17
"33","234_517",517,234,104.7080299,31.451863,104.7489154,31.4663021,11
"34","234_67",67,234,104.7080299,31.451863,104.7722805,31.4250537,19
"35","234_927",927,234,104.7080299,31.451863,104.7735466,31.4981568,25
"36","248_927",927,248,104.7428198,31.4526103,104.7735466,31.4981568,14
"37","277_351",351,277,104.7189925,31.4545212,104.6124199,31.4576314,11
"38","277_368",368,277,104.7189925,31.4545212,104.7070146,31.4584759,12
"39","277_927",927,277,104.7189925,31.4545212,104.7735466,31.4981568,18
"40","290_199",199,290,104.7713105,31.4547416,104.7601253,31.4498679,11
"41","291_135",135,291,104.7321556,31.4547659,104.7654496,31.4413548,17
"42","291_219",219,291,104.7321556,31.4547659,104.6713983,31.4511857,15
"43","291_291",291,291,104.7321556,31.4547659,104.7321556,31.4547659,51
"44","291_351",351,291,104.7321556,31.4547659,104.6124199,31.4576314,13
"45","291_389",389,291,104.7321556,31.4547659,104.6219992,31.4592982,11
"46","291_500",500,291,104.7321556,31.4547659,104.6209012,31.464642,17
"47","291_548",548,291,104.7321556,31.4547659,104.6856626,31.4673085,26
"48","291_566",566,291,104.7321556,31.4547659,104.6792753,31.4681151,13
"49","291_67",67,291,104.7321556,31.4547659,104.7722805,31.4250537,16
"50","291_915",915,291,104.7321556,31.4547659,104.7343212,31.4966375,14
"51","291_927",927,291,104.7321556,31.4547659,104.7735466,31.4981568,41
"52","291_938",938,291,104.7321556,31.4547659,104.7328988,31.50017,13
"53","317_118",118,317,104.7292506,31.456155,104.7674238,31.4362287,11
"54","317_56",56,317,104.7292506,31.456155,104.7634654,31.4220348,11
"55","317_67",67,317,104.7292506,31.456155,104.7722805,31.4250537,22
"56","317_927",927,317,104.7292506,31.456155,104.7735466,31.4981568,14
"57","318_135",135,318,104.7120913,31.4561485,104.7654496,31.4413548,14
"58","318_318",318,318,104.7120913,31.4561485,104.7120913,31.4561485,12
"59","318_351",351,318,104.7120913,31.4561485,104.6124199,31.4576314,12
"60","318_500",500,318,104.7120913,31.4561485,104.6209012,31.464642,13
"61","335_118",118,335,104.7159895,31.4568731,104.7674238,31.4362287,11
"62","335_135",135,335,104.7159895,31.4568731,104.7654496,31.4413548,12
"63","335_351",351,335,104.7159895,31.4568731,104.6124199,31.4576314,13
"64","335_67",67,335,104.7159895,31.4568731,104.7722805,31.4250537,15
"65","349_500",500,349,104.7376795,31.4573698,104.6209012,31.464642,13
"66","349_927",927,349,104.7376795,31.4573698,104.7735466,31.4981568,11
"67","351_351",351,351,104.6124199,31.4576314,104.6124199,31.4576314,33
"68","355_283",283,355,104.7571804,31.4577767,104.6450484,31.4546259,13
"69","368_118",118,368,104.7070146,31.4584759,104.7674238,31.4362287,18
"70","368_135",135,368,104.7070146,31.4584759,104.7654496,31.4413548,22
"71","368_351",351,368,104.7070146,31.4584759,104.6124199,31.4576314,19
"72","368_368",368,368,104.7070146,31.4584759,104.7070146,31.4584759,24
"73","368_408",408,368,104.7070146,31.4584759,104.7531982,31.4604576,12
"74","368_500",500,368,104.7070146,31.4584759,104.6209012,31.464642,14
"75","368_523",523,368,104.7070146,31.4584759,104.7723748,31.4656126,12
"76","368_56",56,368,104.7070146,31.4584759,104.7634654,31.4220348,11
"77","368_655",655,368,104.7070146,31.4584759,104.7646589,31.4740551,11
"78","368_67",67,368,104.7070146,31.4584759,104.7722805,31.4250537,36
"79","368_927",927,368,104.7070146,31.4584759,104.7735466,31.4981568,29
"80","386_351",351,386,104.7118177,31.4596384,104.6124199,31.4576314,21
"81","386_389",389,386,104.7118177,31.4596384,104.6219992,31.4592982,13
"82","389_351",351,389,104.6219992,31.4592982,104.6124199,31.4576314,11
"83","389_389",389,389,104.6219992,31.4592982,104.6219992,31.4592982,15
"84","408_368",368,408,104.7531982,31.4604576,104.7070146,31.4584759,11
"85","408_548",548,408,104.7531982,31.4604576,104.6856626,31.4673085,25
"86","440_476",476,440,104.7220286,31.4615387,104.7271958,31.4633226,11
"87","440_500",500,440,104.7220286,31.4615387,104.6209012,31.464642,13
"88","463_974",974,463,104.7627456,31.4627998,104.7358274,31.5067912,11
"89","476_135",135,476,104.7271958,31.4633226,104.7654496,31.4413548,12
"90","476_291",291,476,104.7271958,31.4633226,104.7321556,31.4547659,15
"91","476_351",351,476,104.7271958,31.4633226,104.6124199,31.4576314,26
"92","476_368",368,476,104.7271958,31.4633226,104.7070146,31.4584759,14
"93","476_389",389,476,104.7271958,31.4633226,104.6219992,31.4592982,14
"94","476_441",441,476,104.7271958,31.4633226,104.6443558,31.4617767,15
"95","476_476",476,476,104.7271958,31.4633226,104.7271958,31.4633226,13
"96","476_500",500,476,104.7271958,31.4633226,104.6209012,31.464642,11
"97","476_516",516,476,104.7271958,31.4633226,104.7406819,31.4655495,11
"98","476_540",540,476,104.7271958,31.4633226,104.7301992,31.4668558,12
"99","476_56",56,476,104.7271958,31.4633226,104.7634654,31.4220348,20
"100","476_566",566,476,104.7271958,31.4633226,104.6792753,31.4681151,13
"101","476_578",578,476,104.7271958,31.4633226,104.6596897,31.4688721,15
"102","476_655",655,476,104.7271958,31.4633226,104.7646589,31.4740551,11
"103","476_67",67,476,104.7271958,31.4633226,104.7722805,31.4250537,31
"104","476_927",927,476,104.7271958,31.4633226,104.7735466,31.4981568,37
"105","479_548",548,479,104.7527998,31.4642013,104.6856626,31.4673085,24
"106","500_368",368,500,104.6209012,31.464642,104.7070146,31.4584759,15
"107","500_500",500,500,104.6209012,31.464642,104.6209012,31.464642,21
"108","500_516",516,500,104.6209012,31.464642,104.7406819,31.4655495,17
"109","500_548",548,500,104.6209012,31.464642,104.6856626,31.4673085,19
"110","500_566",566,500,104.6209012,31.464642,104.6792753,31.4681151,18
"111","516_351",351,516,104.7406819,31.4655495,104.6124199,31.4576314,17
"112","516_389",389,516,104.7406819,31.4655495,104.6219992,31.4592982,19
"113","516_548",548,516,104.7406819,31.4655495,104.6856626,31.4673085,11
"114","516_566",566,516,104.7406819,31.4655495,104.6792753,31.4681151,14
"115","516_67",67,516,104.7406819,31.4655495,104.7722805,31.4250537,19
"116","517_566",566,517,104.7489154,31.4663021,104.6792753,31.4681151,12
"117","517_836",836,517,104.7489154,31.4663021,104.685367,31.4898035,11
"118","519_389",389,519,104.7429271,31.4654325,104.6219992,31.4592982,12
"119","523_523",523,523,104.7723748,31.4656126,104.7723748,31.4656126,22
"120","523_717",717,523,104.7723748,31.4656126,104.750537,31.4802843,27
"121","523_719",719,523,104.7723748,31.4656126,104.7383672,31.4803948,29
"122","523_724",724,523,104.7723748,31.4656126,104.7353521,31.4806285,24
"123","523_736",736,523,104.7723748,31.4656126,104.7301857,31.4812084,14
"124","523_811",811,523,104.7723748,31.4656126,104.7519713,31.4875978,12
"125","523_881",881,523,104.7723748,31.4656126,104.7051823,31.4937412,22
"126","523_899",899,523,104.7723748,31.4656126,104.6988677,31.4952719,20
"127","523_915",915,523,104.7723748,31.4656126,104.7343212,31.4966375,18
"128","523_974",974,523,104.7723748,31.4656126,104.7358274,31.5067912,31
"129","540_540",540,540,104.7301992,31.4668558,104.7301992,31.4668558,21
"130","540_653",653,540,104.7301992,31.4668558,104.6860951,31.4738378,11
"131","540_67",67,540,104.7301992,31.4668558,104.7722805,31.4250537,11
"132","540_927",927,540,104.7301992,31.4668558,104.7735466,31.4981568,11
"133","548_351",351,548,104.6856626,31.4673085,104.6124199,31.4576314,32
"134","548_389",389,548,104.6856626,31.4673085,104.6219992,31.4592982,14
"135","548_927",927,548,104.6856626,31.4673085,104.7735466,31.4981568,11
"136","56_135",135,56,104.7634654,31.4220348,104.7654496,31.4413548,18
"137","56_237",237,56,104.7634654,31.4220348,104.7523913,31.4520034,14
"138","56_260",260,56,104.7634654,31.4220348,104.7575349,31.4534645,13
"139","56_516",516,56,104.7634654,31.4220348,104.7406819,31.4655495,11
"140","56_548",548,56,104.7634654,31.4220348,104.6856626,31.4673085,11
"141","56_56",56,56,104.7634654,31.4220348,104.7634654,31.4220348,14
"142","56_67",67,56,104.7634654,31.4220348,104.7722805,31.4250537,13
"143","56_927",927,56,104.7634654,31.4220348,104.7735466,31.4981568,13
"144","566_351",351,566,104.6792753,31.4681151,104.6124199,31.4576314,32
"145","566_408",408,566,104.6792753,31.4681151,104.7531982,31.4604576,17
"146","566_470",470,566,104.6792753,31.4681151,104.7405043,31.463527,14
"147","566_476",476,566,104.6792753,31.4681151,104.7271958,31.4633226,16
"148","566_500",500,566,104.6792753,31.4681151,104.6209012,31.464642,16
"149","566_516",516,566,104.6792753,31.4681151,104.7406819,31.4655495,29
"150","566_517",517,566,104.6792753,31.4681151,104.7489154,31.4663021,23
"151","566_519",519,566,104.6792753,31.4681151,104.7429271,31.4654325,13
"152","566_548",548,566,104.6792753,31.4681151,104.6856626,31.4673085,12
"153","566_56",56,566,104.6792753,31.4681151,104.7634654,31.4220348,20
"154","566_67",67,566,104.6792753,31.4681151,104.7722805,31.4250537,16
"155","566_927",927,566,104.6792753,31.4681151,104.7735466,31.4981568,12
"156","578_351",351,578,104.6596897,31.4688721,104.6124199,31.4576314,20
"157","578_476",476,578,104.6596897,31.4688721,104.7271958,31.4633226,11
"158","619_655",655,619,104.7609001,31.4715756,104.7646589,31.4740551,12
"159","619_717",717,619,104.7609001,31.4715756,104.750537,31.4802843,21
"160","619_719",719,619,104.7609001,31.4715756,104.7383672,31.4803948,24
"161","619_724",724,619,104.7609001,31.4715756,104.7353521,31.4806285,13
"162","619_736",736,619,104.7609001,31.4715756,104.7301857,31.4812084,12
"163","619_974",974,619,104.7609001,31.4715756,104.7358274,31.5067912,21
"164","653_351",351,653,104.6860951,31.4738378,104.6124199,31.4576314,15
"165","653_408",408,653,104.6860951,31.4738378,104.7531982,31.4604576,13
"166","653_479",479,653,104.6860951,31.4738378,104.7527998,31.4642013,11
"167","653_516",516,653,104.6860951,31.4738378,104.7406819,31.4655495,25
"168","653_56",56,653,104.6860951,31.4738378,104.7634654,31.4220348,18
"169","653_653",653,653,104.6860951,31.4738378,104.6860951,31.4738378,16
"170","653_786",786,653,104.6860951,31.4738378,104.7676795,31.486188,11
"171","653_836",836,653,104.6860951,31.4738378,104.685367,31.4898035,11
"172","653_927",927,653,104.6860951,31.4738378,104.7735466,31.4981568,53
"173","653_971",971,653,104.6860951,31.4738378,104.772232,31.5061283,11
"174","655_1016",1016,655,104.7646589,31.4740551,104.6600788,31.5128526,17
"175","655_135",135,655,104.7646589,31.4740551,104.7654496,31.4413548,14
"176","655_277",277,655,104.7646589,31.4740551,104.7189925,31.4545212,12
"177","655_318",318,655,104.7646589,31.4740551,104.7120913,31.4561485,11
"178","655_368",368,655,104.7646589,31.4740551,104.7070146,31.4584759,16
"179","655_389",389,655,104.7646589,31.4740551,104.6219992,31.4592982,12
"180","655_440",440,655,104.7646589,31.4740551,104.7220286,31.4615387,23
"181","655_476",476,655,104.7646589,31.4740551,104.7271958,31.4633226,17
"182","655_516",516,655,104.7646589,31.4740551,104.7406819,31.4655495,24
"183","655_523",523,655,104.7646589,31.4740551,104.7723748,31.4656126,23
"184","655_566",566,655,104.7646589,31.4740551,104.6792753,31.4681151,12
"185","655_617",617,655,104.7646589,31.4740551,104.7581004,31.4710907,16
"186","655_651",651,655,104.7646589,31.4740551,104.747114,31.4734972,11
"187","655_653",653,655,104.7646589,31.4740551,104.6860951,31.4738378,12
"188","655_655",655,655,104.7646589,31.4740551,104.7646589,31.4740551,49
"189","655_67",67,655,104.7646589,31.4740551,104.7722805,31.4250537,19
"190","655_689",689,655,104.7646589,31.4740551,104.7541077,31.4769291,12
"191","655_717",717,655,104.7646589,31.4740551,104.750537,31.4802843,19
"192","655_719",719,655,104.7646589,31.4740551,104.7383672,31.4803948,28
"193","655_724",724,655,104.7646589,31.4740551,104.7353521,31.4806285,36
"194","655_736",736,655,104.7646589,31.4740551,104.7301857,31.4812084,14
"195","655_788",788,655,104.7646589,31.4740551,104.7656124,31.4863085,22
"196","655_836",836,655,104.7646589,31.4740551,104.685367,31.4898035,12
"197","655_881",881,655,104.7646589,31.4740551,104.7051823,31.4937412,20
"198","655_899",899,655,104.7646589,31.4740551,104.6988677,31.4952719,22
"199","655_915",915,655,104.7646589,31.4740551,104.7343212,31.4966375,25
"200","655_927",927,655,104.7646589,31.4740551,104.7735466,31.4981568,31
"201","655_971",971,655,104.7646589,31.4740551,104.772232,31.5061283,12
"202","655_974",974,655,104.7646589,31.4740551,104.7358274,31.5067912,20
"203","664_67",67,664,104.7462779,31.4745355,104.7722805,31.4250537,13
"204","664_927",927,664,104.7462779,31.4745355,104.7735466,31.4981568,12
"205","67_118",118,67,104.7722805,31.4250537,104.7674238,31.4362287,12
"206","67_133",133,67,104.7722805,31.4250537,104.6728452,31.440843,14
"207","67_135",135,67,104.7722805,31.4250537,104.7654496,31.4413548,27
"208","67_199",199,67,104.7722805,31.4250537,104.7601253,31.4498679,11
"209","67_234",234,67,104.7722805,31.4250537,104.7080299,31.451863,22
"210","67_237",237,67,104.7722805,31.4250537,104.7523913,31.4520034,36
"211","67_248",248,67,104.7722805,31.4250537,104.7428198,31.4526103,13
"212","67_260",260,67,104.7722805,31.4250537,104.7575349,31.4534645,66
"213","67_291",291,67,104.7722805,31.4250537,104.7321556,31.4547659,26
"214","67_317",317,67,104.7722805,31.4250537,104.7292506,31.456155,26
"215","67_349",349,67,104.7722805,31.4250537,104.7376795,31.4573698,51
"216","67_351",351,67,104.7722805,31.4250537,104.6124199,31.4576314,16
"217","67_368",368,67,104.7722805,31.4250537,104.7070146,31.4584759,24
"218","67_383",383,67,104.7722805,31.4250537,104.7482298,31.4588608,11
"219","67_389",389,67,104.7722805,31.4250537,104.6219992,31.4592982,19
"220","67_408",408,67,104.7722805,31.4250537,104.7531982,31.4604576,18
"221","67_476",476,67,104.7722805,31.4250537,104.7271958,31.4633226,19
"222","67_479",479,67,104.7722805,31.4250537,104.7527998,31.4642013,17
"223","67_516",516,67,104.7722805,31.4250537,104.7406819,31.4655495,39
"224","67_517",517,67,104.7722805,31.4250537,104.7489154,31.4663021,14
"225","67_519",519,67,104.7722805,31.4250537,104.7429271,31.4654325,20
"226","67_540",540,67,104.7722805,31.4250537,104.7301992,31.4668558,17
"227","67_548",548,67,104.7722805,31.4250537,104.6856626,31.4673085,24
"228","67_67",67,67,104.7722805,31.4250537,104.7722805,31.4250537,106
"229","67_788",788,67,104.7722805,31.4250537,104.7656124,31.4863085,11
"230","67_791",791,67,104.7722805,31.4250537,104.7300507,31.486623,20
"231","67_836",836,67,104.7722805,31.4250537,104.685367,31.4898035,13
"232","67_915",915,67,104.7722805,31.4250537,104.7343212,31.4966375,14
"233","67_927",927,67,104.7722805,31.4250537,104.7735466,31.4981568,14
"234","67_938",938,67,104.7722805,31.4250537,104.7328988,31.50017,12
"235","678_389",389,678,104.7685043,31.4757207,104.6219992,31.4592982,55
"236","689_601",601,689,104.7541077,31.4769291,104.7492816,31.4701158,13
"237","689_724",724,689,104.7541077,31.4769291,104.7353521,31.4806285,13
"238","705_67",67,705,104.7432218,31.4788932,104.7722805,31.4250537,13
"239","717_199",199,717,104.750537,31.4802843,104.7601253,31.4498679,13
"240","717_291",291,717,104.750537,31.4802843,104.7321556,31.4547659,11
"241","717_67",67,717,104.750537,31.4802843,104.7722805,31.4250537,12
"242","719_1016",1016,719,104.7383672,31.4803948,104.6600788,31.5128526,17
"243","719_118",118,719,104.7383672,31.4803948,104.7674238,31.4362287,13
"244","719_135",135,719,104.7383672,31.4803948,104.7654496,31.4413548,26
"245","719_291",291,719,104.7383672,31.4803948,104.7321556,31.4547659,13
"246","719_351",351,719,104.7383672,31.4803948,104.6124199,31.4576314,12
"247","719_368",368,719,104.7383672,31.4803948,104.7070146,31.4584759,12
"248","719_476",476,719,104.7383672,31.4803948,104.7271958,31.4633226,11
"249","719_523",523,719,104.7383672,31.4803948,104.7723748,31.4656126,11
"250","719_548",548,719,104.7383672,31.4803948,104.6856626,31.4673085,19
"251","719_56",56,719,104.7383672,31.4803948,104.7634654,31.4220348,15
"252","719_566",566,719,104.7383672,31.4803948,104.6792753,31.4681151,16
"253","719_653",653,719,104.7383672,31.4803948,104.6860951,31.4738378,17
"254","719_67",67,719,104.7383672,31.4803948,104.7722805,31.4250537,38
"255","719_719",719,719,104.7383672,31.4803948,104.7383672,31.4803948,12
"256","719_724",724,719,104.7383672,31.4803948,104.7353521,31.4806285,12
"257","719_836",836,719,104.7383672,31.4803948,104.685367,31.4898035,14
"258","719_881",881,719,104.7383672,31.4803948,104.7051823,31.4937412,14
"259","719_899",899,719,104.7383672,31.4803948,104.6988677,31.4952719,20
"260","719_927",927,719,104.7383672,31.4803948,104.7735466,31.4981568,21
"261","724_540",540,724,104.7353521,31.4806285,104.7301992,31.4668558,11
"262","724_67",67,724,104.7353521,31.4806285,104.7722805,31.4250537,29
"263","724_927",927,724,104.7353521,31.4806285,104.7735466,31.4981568,16
"264","736_118",118,736,104.7301857,31.4812084,104.7674238,31.4362287,11
"265","736_135",135,736,104.7301857,31.4812084,104.7654496,31.4413548,17
"266","736_56",56,736,104.7301857,31.4812084,104.7634654,31.4220348,14
"267","736_67",67,736,104.7301857,31.4812084,104.7722805,31.4250537,31
"268","736_736",736,736,104.7301857,31.4812084,104.7301857,31.4812084,13
"269","736_791",791,736,104.7301857,31.4812084,104.7300507,31.486623,12
"270","736_927",927,736,104.7301857,31.4812084,104.7735466,31.4981568,20
"271","788_653",653,788,104.7656124,31.4863085,104.6860951,31.4738378,23
"272","788_927",927,788,104.7656124,31.4863085,104.7735466,31.4981568,26
"273","791_118",118,791,104.7300507,31.486623,104.7674238,31.4362287,11
"274","791_127",127,791,104.7300507,31.486623,104.7413669,31.4384258,19
"275","791_135",135,791,104.7300507,31.486623,104.7654496,31.4413548,28
"276","791_56",56,791,104.7300507,31.486623,104.7634654,31.4220348,17
"277","791_566",566,791,104.7300507,31.486623,104.6792753,31.4681151,11
"278","791_67",67,791,104.7300507,31.486623,104.7722805,31.4250537,39
"279","791_791",791,791,104.7300507,31.486623,104.7300507,31.486623,19
"280","800_523",523,800,104.7365807,31.4870832,104.7723748,31.4656126,19
"281","800_67",67,800,104.7365807,31.4870832,104.7722805,31.4250537,18
"282","800_915",915,800,104.7365807,31.4870832,104.7343212,31.4966375,15
"283","800_927",927,800,104.7365807,31.4870832,104.7735466,31.4981568,33
"284","811_291",291,811,104.7519713,31.4875978,104.7321556,31.4547659,19
"285","811_351",351,811,104.7519713,31.4875978,104.6124199,31.4576314,15
"286","811_368",368,811,104.7519713,31.4875978,104.7070146,31.4584759,13
"287","811_389",389,811,104.7519713,31.4875978,104.6219992,31.4592982,11
"288","811_523",523,811,104.7519713,31.4875978,104.7723748,31.4656126,14
"289","811_566",566,811,104.7519713,31.4875978,104.6792753,31.4681151,13
"290","811_578",578,811,104.7519713,31.4875978,104.6596897,31.4688721,12
"291","811_653",653,811,104.7519713,31.4875978,104.6860951,31.4738378,16
"292","811_655",655,811,104.7519713,31.4875978,104.7646589,31.4740551,12
"293","811_67",67,811,104.7519713,31.4875978,104.7722805,31.4250537,12
"294","811_811",811,811,104.7519713,31.4875978,104.7519713,31.4875978,26
"295","811_821",821,811,104.7519713,31.4875978,104.7620381,31.4882639,30
"296","811_927",927,811,104.7519713,31.4875978,104.7735466,31.4981568,37
"297","811_971",971,811,104.7519713,31.4875978,104.772232,31.5061283,27
"298","811_974",974,811,104.7519713,31.4875978,104.7358274,31.5067912,17
"299","836_351",351,836,104.685367,31.4898035,104.6124199,31.4576314,13
"300","836_821",821,836,104.685367,31.4898035,104.7620381,31.4882639,13
"301","836_836",836,836,104.685367,31.4898035,104.685367,31.4898035,11
"302","836_927",927,836,104.685367,31.4898035,104.7735466,31.4981568,31
"303","856_523",523,856,104.7113674,31.4912808,104.7723748,31.4656126,16
"304","856_655",655,856,104.7113674,31.4912808,104.7646589,31.4740551,11
"305","856_788",788,856,104.7113674,31.4912808,104.7656124,31.4863085,15
"306","856_927",927,856,104.7113674,31.4912808,104.7735466,31.4981568,63
"307","881_351",351,881,104.7051823,31.4937412,104.6124199,31.4576314,12
"308","881_389",389,881,104.7051823,31.4937412,104.6219992,31.4592982,14
"309","881_523",523,881,104.7051823,31.4937412,104.7723748,31.4656126,13
"310","881_617",617,881,104.7051823,31.4937412,104.7581004,31.4710907,13
"311","881_881",881,881,104.7051823,31.4937412,104.7051823,31.4937412,15
"312","881_927",927,881,104.7051823,31.4937412,104.7735466,31.4981568,40
"313","899_523",523,899,104.6988677,31.4952719,104.7723748,31.4656126,13
"314","899_617",617,899,104.6988677,31.4952719,104.7581004,31.4710907,11
"315","899_619",619,899,104.6988677,31.4952719,104.7609001,31.4715756,13
"316","899_655",655,899,104.6988677,31.4952719,104.7646589,31.4740551,20
"317","899_719",719,899,104.6988677,31.4952719,104.7383672,31.4803948,14
"318","899_726",726,899,104.6988677,31.4952719,104.7690864,31.4805528,11
"319","899_786",786,899,104.6988677,31.4952719,104.7676795,31.486188,14
"320","899_821",821,899,104.6988677,31.4952719,104.7620381,31.4882639,30
"321","899_899",899,899,104.6988677,31.4952719,104.6988677,31.4952719,11
"322","899_927",927,899,104.6988677,31.4952719,104.7735466,31.4981568,71
"323","899_971",971,899,104.6988677,31.4952719,104.772232,31.5061283,14
"324","915_199",199,915,104.7343212,31.4966375,104.7601253,31.4498679,11
"325","915_291",291,915,104.7343212,31.4966375,104.7321556,31.4547659,20
"326","915_408",408,915,104.7343212,31.4966375,104.7531982,31.4604576,11
"327","915_523",523,915,104.7343212,31.4966375,104.7723748,31.4656126,19
"328","915_67",67,915,104.7343212,31.4966375,104.7722805,31.4250537,14
"329","915_915",915,915,104.7343212,31.4966375,104.7343212,31.4966375,29
"330","915_927",927,915,104.7343212,31.4966375,104.7735466,31.4981568,21
"331","915_938",938,915,104.7343212,31.4966375,104.7328988,31.50017,11
"332","926_199",199,926,104.737321,31.4976079,104.7601253,31.4498679,13
"333","926_291",291,926,104.737321,31.4976079,104.7321556,31.4547659,31
"334","926_317",317,926,104.737321,31.4976079,104.7292506,31.456155,11
"335","926_408",408,926,104.737321,31.4976079,104.7531982,31.4604576,13
"336","926_440",440,926,104.737321,31.4976079,104.7220286,31.4615387,20
"337","926_523",523,926,104.737321,31.4976079,104.7723748,31.4656126,18
"338","926_653",653,926,104.737321,31.4976079,104.6860951,31.4738378,19
"339","926_67",67,926,104.737321,31.4976079,104.7722805,31.4250537,20
"340","926_736",736,926,104.737321,31.4976079,104.7301857,31.4812084,13
"341","926_926",926,926,104.737321,31.4976079,104.737321,31.4976079,27
"342","926_927",927,926,104.737321,31.4976079,104.7735466,31.4981568,23
"343","927_135",135,927,104.7735466,31.4981568,104.7654496,31.4413548,16
"344","927_199",199,927,104.7735466,31.4981568,104.7601253,31.4498679,12
"345","927_260",260,927,104.7735466,31.4981568,104.7575349,31.4534645,20
"346","927_291",291,927,104.7735466,31.4981568,104.7321556,31.4547659,24
"347","927_440",440,927,104.7735466,31.4981568,104.7220286,31.4615387,16
"348","927_516",516,927,104.7735466,31.4981568,104.7406819,31.4655495,17
"349","927_523",523,927,104.7735466,31.4981568,104.7723748,31.4656126,11
"350","927_56",56,927,104.7735466,31.4981568,104.7634654,31.4220348,20
"351","927_596",596,927,104.7735466,31.4981568,104.747951,31.470652,12
"352","927_617",617,927,104.7735466,31.4981568,104.7581004,31.4710907,11
"353","927_653",653,927,104.7735466,31.4981568,104.6860951,31.4738378,17
"354","927_67",67,927,104.7735466,31.4981568,104.7722805,31.4250537,14
"355","927_927",927,927,104.7735466,31.4981568,104.7735466,31.4981568,53
"356","931_291",291,931,104.7409024,31.4988364,104.7321556,31.4547659,12
"357","931_926",926,931,104.7409024,31.4988364,104.737321,31.4976079,13
"358","938_291",291,938,104.7328988,31.50017,104.7321556,31.4547659,18
"359","938_523",523,938,104.7328988,31.50017,104.7723748,31.4656126,11
"360","938_791",791,938,104.7328988,31.50017,104.7300507,31.486623,11
"361","938_915",915,938,104.7328988,31.50017,104.7343212,31.4966375,25
"362","938_938",938,938,104.7328988,31.50017,104.7328988,31.50017,13
"363","955_127",127,955,104.7306957,31.5035874,104.7413669,31.4384258,11
"364","955_135",135,955,104.7306957,31.5035874,104.7654496,31.4413548,18
"365","955_291",291,955,104.7306957,31.5035874,104.7321556,31.4547659,35
"366","955_317",317,955,104.7306957,31.5035874,104.7292506,31.456155,13
"367","955_440",440,955,104.7306957,31.5035874,104.7220286,31.4615387,15
"368","955_523",523,955,104.7306957,31.5035874,104.7723748,31.4656126,17
"369","955_56",56,955,104.7306957,31.5035874,104.7634654,31.4220348,13
"370","955_67",67,955,104.7306957,31.5035874,104.7722805,31.4250537,23
"371","955_719",719,955,104.7306957,31.5035874,104.7383672,31.4803948,16
"372","955_724",724,955,104.7306957,31.5035874,104.7353521,31.4806285,16
"373","955_726",726,955,104.7306957,31.5035874,104.7690864,31.4805528,11
"374","955_736",736,955,104.7306957,31.5035874,104.7301857,31.4812084,11
"375","955_821",821,955,104.7306957,31.5035874,104.7620381,31.4882639,22
"376","955_915",915,955,104.7306957,31.5035874,104.7343212,31.4966375,16
"377","955_927",927,955,104.7306957,31.5035874,104.7735466,31.4981568,23
"378","955_938",938,955,104.7306957,31.5035874,104.7328988,31.50017,16
"379","955_974",974,955,104.7306957,31.5035874,104.7358274,31.5067912,14
"380","971_291",291,971,104.772232,31.5061283,104.7321556,31.4547659,12
"381","971_523",523,971,104.772232,31.5061283,104.7723748,31.4656126,13
"382","971_653",653,971,104.772232,31.5061283,104.6860951,31.4738378,11
"383","971_971",971,971,104.772232,31.5061283,104.772232,31.5061283,11
"384","974_127",127,974,104.7358274,31.5067912,104.7413669,31.4384258,11
"385","974_135",135,974,104.7358274,31.5067912,104.7654496,31.4413548,14
"386","974_199",199,974,104.7358274,31.5067912,104.7601253,31.4498679,21
"387","974_291",291,974,104.7358274,31.5067912,104.7321556,31.4547659,25
"388","974_408",408,974,104.7358274,31.5067912,104.7531982,31.4604576,19
"389","974_487",487,974,104.7358274,31.5067912,104.7474158,31.4636577,14
"390","974_516",516,974,104.7358274,31.5067912,104.7406819,31.4655495,13
"391","974_517",517,974,104.7358274,31.5067912,104.7489154,31.4663021,11
"392","974_523",523,974,104.7358274,31.5067912,104.7723748,31.4656126,20
"393","974_617",617,974,104.7358274,31.5067912,104.7581004,31.4710907,12
"394","974_67",67,974,104.7358274,31.5067912,104.7722805,31.4250537,14
"395","974_974",974,974,104.7358274,31.5067912,104.7358274,31.5067912,34
